model,mae,rmse
prophet,916418.9599532296,1169234.9720029535
arima,,
