model,mae,rmse
prophet_default,916418.9599532296,1169234.9720029535
prophet_tuned,1887697.663839722,2125767.2442021472
